{
  "model": "Heteroscedastic OLS (log-salary, per-grade sigma, statsmodels)",
  "intercept": 10.04894427748326,
  "r2": 0.6353289492207286,
  "mae_log": 0.23601173345832827,
  "mae_rub": 56888.87270445179,
  "median_ae_rub": 45669.40258763889,
  "n_train": 320,
  "covar_type": "heteroscedastic",
  "tail_alpha": 0.1,
  "coverage_pct": 79.6875,
  "coverage_60_pct": 60.3125,
  "grade_sigma": {
    "Intern": 0.283477,
    "Junior": 0.470239,
    "Middle": 0.410224,
    "Senior": 0.305728,
    "Lead": 0.406844
  },
  "coefficients": {
    "n_cluster_Security & Secrets": {
      "coef_raw": -0.08050887896766157,
      "coef_exp": 0.922646711397074,
      "multiplier_pct": -7.735328860292601,
      "std_err": 0.061665221005882884,
      "t_value": -1.3055799955696419,
      "p_value": 0.19274834931549567,
      "ci_lower": -0.20188592729430516,
      "ci_upper": 0.04086816935898201
    },
    "n_cluster_Networking & Traffic": {
      "coef_raw": -0.09269638471101815,
      "coef_exp": 0.9114701945762327,
      "multiplier_pct": -8.85298054237673,
      "std_err": 0.053969705257675214,
      "t_value": -1.7175632934892764,
      "p_value": 0.0869625472710327,
      "ci_lower": -0.19892617544850075,
      "ci_upper": 0.01353340602646444
    },
    "n_cluster_2": {
      "coef_raw": 0.03949504684448657,
      "coef_exp": 1.040285346177099,
      "multiplier_pct": 4.028534617709889,
      "std_err": 0.07147478869891583,
      "t_value": 0.5525731179263446,
      "p_value": 0.5809888616446051,
      "ci_lower": -0.10119039529829449,
      "ci_upper": 0.18018048898726763
    },
    "n_cluster_Observability & Monitoring": {
      "coef_raw": 0.06321345956257307,
      "coef_exp": 1.0652542036602288,
      "multiplier_pct": 6.525420366022883,
      "std_err": 0.04938969126304882,
      "t_value": 1.279891773890609,
      "p_value": 0.20162404402224776,
      "ci_lower": -0.03400138610709831,
      "ci_upper": 0.16042830523224444
    },
    "n_cluster_Containers & Orchestration": {
      "coef_raw": -0.011696840252288343,
      "coef_exp": 0.9883713018424882,
      "multiplier_pct": -1.1628698157511774,
      "std_err": 0.08760041940057467,
      "t_value": -0.13352493438189647,
      "p_value": 0.8938724799409746,
      "ci_lower": -0.18412272579323916,
      "ci_upper": 0.16072904528866247
    },
    "n_cluster_3": {
      "coef_raw": 0.10490810966166753,
      "coef_exp": 1.1106085514711148,
      "multiplier_pct": 11.060855147111482,
      "std_err": 0.0693126069028787,
      "t_value": 1.5135501945362622,
      "p_value": 0.1312481067887735,
      "ci_lower": -0.03152146118011634,
      "ci_upper": 0.2413376805034514
    },
    "n_cluster_CI/CD & Version Control": {
      "coef_raw": -0.09717407244109943,
      "coef_exp": 0.9073980393930775,
      "multiplier_pct": -9.26019606069225,
      "std_err": 0.06695445316736635,
      "t_value": -1.451345920161471,
      "p_value": 0.14778338918149475,
      "ci_lower": -0.22896203598385761,
      "ci_upper": 0.034613891101658745
    },
    "n_cluster_8": {
      "coef_raw": 0.08543701071669674,
      "coef_exp": 1.0891929516998458,
      "multiplier_pct": 8.919295169984576,
      "std_err": 0.08340990844337867,
      "t_value": 1.0243028953172169,
      "p_value": 0.30656085082262974,
      "ci_lower": -0.07874059738896547,
      "ci_upper": 0.24961461882235894
    },
    "n_cluster_Scripting & Automation": {
      "coef_raw": -0.02930646379074453,
      "coef_exp": 0.9711188061075969,
      "multiplier_pct": -2.8881193892403068,
      "std_err": 0.066174290570736,
      "t_value": -0.4428678197829387,
      "p_value": 0.658197294226599,
      "ci_lower": -0.15955881566051758,
      "ci_upper": 0.10094588807902852
    },
    "n_cluster_Backend Languages": {
      "coef_raw": 0.05255484386672005,
      "coef_exp": 1.053960363755207,
      "multiplier_pct": 5.3960363755207075,
      "std_err": 0.06894240232955356,
      "t_value": 0.7623007335239222,
      "p_value": 0.44651095298074694,
      "ci_lower": -0.08314604494564332,
      "ci_upper": 0.1882557326790834
    },
    "n_cluster_Build & Package Management": {
      "coef_raw": 0.23070281106835333,
      "coef_exp": 1.2594848788585016,
      "multiplier_pct": 25.948487885850156,
      "std_err": 0.137176168420575,
      "t_value": 1.6817994971329895,
      "p_value": 0.09370307519797832,
      "ci_lower": -0.039304141830745376,
      "ci_upper": 0.500709763967452
    },
    "n_cluster_13": {
      "coef_raw": 0.022036257170688023,
      "coef_exp": 1.0222808488097366,
      "multiplier_pct": 2.2280848809736575,
      "std_err": 0.07103838210717477,
      "t_value": 0.3102021261892224,
      "p_value": 0.7566339679556313,
      "ci_lower": -0.11779019601345836,
      "ci_upper": 0.1618627103548344
    },
    "n_cluster_Storage & Filesystems": {
      "coef_raw": -0.014623535756799755,
      "coef_exp": 0.9854828688402893,
      "multiplier_pct": -1.451713115971065,
      "std_err": 0.1157341954930175,
      "t_value": -0.12635449440422322,
      "p_value": 0.8995404147727977,
      "ci_lower": -0.2424257686890561,
      "ci_upper": 0.2131786971754566
    },
    "n_cluster_Load Balancing & Service Mesh": {
      "coef_raw": -0.0543365374445251,
      "coef_exp": 0.9471133137676699,
      "multiplier_pct": -5.288668623233006,
      "std_err": 0.06830244048091645,
      "t_value": -0.7955284915435284,
      "p_value": 0.42696820323107226,
      "ci_lower": -0.18877777488513997,
      "ci_upper": 0.08010469999608977
    },
    "n_cluster_11": {
      "coef_raw": -0.04546468783980395,
      "coef_exp": 0.9555533446289799,
      "multiplier_pct": -4.4446655371020105,
      "std_err": 0.10491226344102021,
      "t_value": -0.4333591359923655,
      "p_value": 0.6650816932381954,
      "ci_lower": -0.25196586730567255,
      "ci_upper": 0.16103649162606465
    },
    "n_cluster_IaC & Config Management": {
      "coef_raw": 0.18290775427883155,
      "coef_exp": 1.2007036431986398,
      "multiplier_pct": 20.070364319863977,
      "std_err": 0.06332088894528158,
      "t_value": 2.888584751816898,
      "p_value": 0.004166631319863423,
      "ci_lower": 0.05827181732395946,
      "ci_upper": 0.3075436912337036
    },
    "n_cluster_NoSQL & Time-Series DB": {
      "coef_raw": 0.07402612499525951,
      "coef_exp": 1.0768349374363806,
      "multiplier_pct": 7.683493743638059,
      "std_err": 0.06999964798616978,
      "t_value": 1.0575213893916333,
      "p_value": 0.29116922970980724,
      "ci_lower": -0.06375576433997557,
      "ci_upper": 0.2118080143304946
    },
    "n_cluster_Messaging & API Gateway": {
      "coef_raw": -0.1648489459711373,
      "coef_exp": 0.8480217915217836,
      "multiplier_pct": -15.197820847821642,
      "std_err": 0.0855459153114687,
      "t_value": -1.9270229954397,
      "p_value": 0.05497072842244855,
      "ci_lower": -0.3332309046754858,
      "ci_upper": 0.0035330127332111882
    },
    "n_cluster_Linux & OS Administration": {
      "coef_raw": -0.18612120185764636,
      "coef_exp": 0.8301729703779338,
      "multiplier_pct": -16.98270296220662,
      "std_err": 0.06719338025511849,
      "t_value": -2.769933602848749,
      "p_value": 0.00597498670523135,
      "ci_lower": -0.3183794509877029,
      "ci_upper": -0.053862952727589786
    },
    "n_cluster_Web & Frontend": {
      "coef_raw": -0.12699728358982032,
      "coef_exp": 0.8807360650343202,
      "multiplier_pct": -11.926393496567977,
      "std_err": 0.13224163045053633,
      "t_value": -0.9603426935765315,
      "p_value": 0.33769679234602673,
      "ci_lower": -0.3872914738669882,
      "ci_upper": 0.13329690668734756
    },
    "n_cluster_24": {
      "coef_raw": 0.018360594272323727,
      "coef_exp": 1.0185301863302936,
      "multiplier_pct": 1.8530186330293574,
      "std_err": 0.14871430508722988,
      "t_value": 0.12346219324061754,
      "p_value": 0.9018281339816691,
      "ci_lower": -0.27435713382458676,
      "ci_upper": 0.3110783223692342
    },