{
  "coefs": [
    -0.08050887896766157,
    -0.09269638471101815,
    0.03949504684448657,
    0.06321345956257307,
    -0.011696840252288343,
    0.10490810966166753,
    -0.09717407244109943,
    0.08543701071669674,
    -0.02930646379074453,
    0.05255484386672005,
    0.23070281106835333,
    0.022036257170688023,
    -0.014623535756799755,
    -0.0543365374445251,
    -0.04546468783980395,
    0.18290775427883155,
    0.07402612499525951,
    -0.1648489459711373,
    -0.18612120185764636,
    -0.12699728358982032,
    0.018360594272323727,
    0.30764898738946567,
    -0.1610934566018325,
    -0.20770824401004262,
    0.1510698543669577,
    0.064286026131951,
    -0.13853109169426236,
    0.052577991362942056,
    -0.08453334829037557,
    -0.07418358847559348,
    1.380199154038646,
    1.3481734100786034,
    2.132187717518991,
    2.5596770258484813,
    2.628706969998528
  ],
  "intercept": 10.04894427748326,
  "feature_names": [
    "n_cluster_Security & Secrets",
    "n_cluster_Networking & Traffic",
    "n_cluster_2",
    "n_cluster_Observability & Monitoring",
    "n_cluster_Containers & Orchestration",
    "n_cluster_3",
    "n_cluster_CI/CD & Version Control",
    "n_cluster_8",
    "n_cluster_Scripting & Automation",
    "n_cluster_Backend Languages",
    "n_cluster_Build & Package Management",
    "n_cluster_13",
    "n_cluster_Storage & Filesystems",
    "n_cluster_Load Balancing & Service Mesh",
    "n_cluster_11",
    "n_cluster_IaC & Config Management",
    "n_cluster_NoSQL & Time-Series DB",
    "n_cluster_Messaging & API Gateway",
    "n_cluster_Linux & OS Administration",
    "n_cluster_Web & Frontend",
    "n_cluster_24",
    "n_cluster_22",
    "n_cluster_VoIP & Telephony",
    "n_cluster_Email & Collaboration",
    "s_cluster_1",
    "s_cluster_2",
    "s_cluster_3",
    "s_cluster_4",
    "s_cluster_5",
    "s_cluster_6",
    "seniority_Intern",
    "seniority_Junior",
    "seniority_Middle",
    "seniority_Senior",
    "seniority_Lead"
  ],
  "n_cluster_ids": [
    "Security & Secrets",
    "Networking & Traffic",
    "2",
    "Observability & Monitoring",
    "Containers & Orchestration",
    "3",
    "CI/CD & Version Control",
    "8",
    "Scripting & Automation",
    "Backend Languages",
    "Build & Package Management",
    "13",
    "Storage & Filesystems",
    "Load Balancing & Service Mesh",
    "11",
    "IaC & Config Management",
    "NoSQL & Time-Series DB",
    "Messaging & API Gateway",
    "Linux & OS Administration",
    "Web & Frontend",
    "24",
    "22",
    "VoIP & Telephony",
    "Email & Collaboration"
  ],
  "s_cluster_ids": [
    1,
    2,
    3,
    4,
    5,
    6
  ],
  "seniority_levels": [
    "Intern",
    "Junior",
    "Middle",
    "Senior",
    "Lead"
  ],
  "grade_sigma": {
    "Intern": 0.28347721109645563,
    "Junior": 0.47023929224840105,
    "Middle": 0.41022449499523744,
    "Senior": 0.3057283328586802,
    "Lead": 0.4068438879808165
  },
  "tail_alpha": 0.1,
  "coverage_pct": 79.6875,
  "coverage_60_pct": 60.3125,
  "n_train": 320,
  "r2": 0.6353289492207286,
  "mae_rub": 56888.87270445179,
  "covar_type": "heteroscedastic",
  "std_errs": [
    0.061665221005882884,
    0.053969705257675214,
    0.07147478869891583,
    0.04938969126304882,
    0.08760041940057467,
    0.0693126069028787,
    0.06695445316736635,
    0.08340990844337867,
    0.066174290570736,
    0.06894240232955356,
    0.137176168420575,
    0.07103838210717477,
    0.1157341954930175,
    0.06830244048091645,
    0.10491226344102021,
    0.06332088894528158,
    0.06999964798616978,
    0.0855459153114687,
    0.06719338025511849,
    0.13224163045053633,
    0.14871430508722988,
    0.2667100430123321,
    0.34576890601407867,
    0.26344794049489867,
    0.06276600444091061,
    0.07103969074394548,
    0.16457143769690388,
    0.10658745497691997,
    0.068098237267935,
    0.06837226642308193,
    0.14546121437194504,
    0.06821638990353329,
    0.048179214495100424,
    0.04457516696284364,
    0.07870532880065031
  ],
  "p_values": [
    0.19274834931549567,
    0.0869625472710327,
    0.5809888616446051,
    0.20162404402224776,
    0.8938724799409746,
    0.1312481067887735,
    0.14778338918149475,
    0.30656085082262974,
    0.658197294226599,
    0.44651095298074694,
    0.09370307519797832,
    0.7566339679556313,
    0.8995404147727977,
    0.42696820323107226,
    0.6650816932381954,
    0.004166631319863423,
    0.29116922970980724,
    0.05497072842244855,
    0.00597498670523135,
    0.33769679234602673,
    0.9018281339816691,
    0.2496732706985703,
    0.6416435113953278,
    0.43110500575295735,
    0.016725837352727223,
    0.36626621906097434,
    0.40062318155069837,
    0.6221911143119973,
    0.21549935218631303,
    0.2788406610990607,
    9.77760679694171e-19,
    2.388576479453301e-55,
    1.0253347969775499e-129,
    1.0862280604559897e-158,
    1.5576424728560736e-100
  ],
  "t_values": [
    -1.3055799955696419,
    -1.7175632934892764,
    0.5525731179263446,
    1.279891773890609,
    -0.13352493438189647,
    1.5135501945362622,
    -1.451345920161471,
    1.0243028953172169,
    -0.4428678197829387,
    0.7623007335239222,
    1.6817994971329895,
    0.3102021261892224,
    -0.12635449440422322,
    -0.7955284915435284,
    -0.4333591359923655,
    2.888584751816898,
    1.0575213893916333,
    -1.9270229954397,
    -2.769933602848749,
    -0.9603426935765315,
    0.12346219324061754,
    1.1534960735439597,
    -0.4658991997252444,
    -0.7884223487185114,
    2.40687384377284,
    0.9049311090565232,
    -0.8417687396606403,
    0.49328498719035074,
    -1.2413441475405012,
    -1.0849953110600659,
    9.488434150628429,
    19.76318905156214,
    44.25534413259941,
    57.42383484468252,
    33.39935186163415
  ]
}